County,Mean Physicians,SD Physicians,Mean Hours Worked,SD Hours Worked
Marin,3.8333333333333335,4.020779360604939,115.16666666666667,181.01979633914812
Monterey,4.4,5.079370039680118,152.4,220.1256459388592
Santa Barbara,4.5,5.196152422706632,166.25,219.86416260955306
Santa Clara,35.333333333333336,32.48794648275983,1040.8333333333333,1518.24153765686
Santa Cruz,3.5,0.7071067811865476,80.0,113.13708498984761
